review,sentiment
"One of the best movies I have ever seen! The plot was gripping.",positive
"I wasted 2 hours of my life on this garbage.",negative
"Truly a masterpiece. The cinematography was breathtaking.",positive
"The acting was wooden and the script was terrible.",negative
"I couldn't stop laughing! A hilarious comedy.",positive
"Boring from start to finish. I fell asleep.",negative
"A heartwarming story that brought tears to my eyes.",positive
"The special effects looked cheap and unrealistic.",negative
"An absolute thrill ride! Kept me on the edge of my seat.",positive
"The characters were so annoying I wanted to turn it off.",negative
"Brilliant direction and a stellar cast. 10/10.",positive
"Complete nonsense. The plot had so many holes.",negative
"I loved every minute of it. Highly recommended!",positive
"Do not watch this movie. It is a disaster.",negative
"A refreshing take on the genre. Very original.",positive
"The pacing was way too slow. Nothing happened.",negative
"The soundtrack was amazing and fit the mood perfectly.",positive
"I have never been so disappointed by a sequel.",negative
"A classic! I can watch this over and over again.",positive
"The ending made no sense at all. Ruined the whole movie.",negative
"Superb acting by the lead actor. Oscar-worthy.",positive
"Awful. Just awful. Avoid at all costs.",negative
"Visually stunning and emotionally powerful.",positive
"The dialogue was cringeworthy and unnatural.",negative
"A fun movie for the whole family. We enjoyed it.",positive
"Zero chemistry between the main characters.",negative
"The best action movie of the year hands down.",positive
"I regret paying money to see this.",negative
"Intelligent, witty, and charming. A must-watch.",positive
"Predictable and clich√©. I knew what would happen.",negative
"The twists kept coming! I was totally surprised.",positive
"The camera work was shaky and made me dizzy.",negative
"Simply beautiful. A work of art.",positive
"Terrible editing. The scenes jumped around randomly.",negative
"Incredible performances all around.",positive
"The villain was weak and not scary at all.",negative
"I was hooked from the very first scene.",positive
"A total mess. The director had no clue.",negative
"Touching and inspiring. It really spoke to me.",positive
"The jokes fell flat. Not funny at all.",negative
"Action-packed and intense. I loved it.",positive
"The sound mixing was bad; I couldn't hear the dialogue.",negative
"A hidden gem. I'm glad I found this movie.",positive
"Overhyped and underwhelming.",negative
"Fantastic world-building and lore.",positive
"The worst ending I have ever seen.",negative
"Charming and delightful. Put a smile on my face.",positive
"Pretentious and trying too hard to be deep.",negative
"A solid film with a great message.",positive
"Unwatchable. I walked out of the theater.",negative
"The chemistry between the leads was electric.",positive
"Plotless and wondering. A bore fest.",negative
"Surprisingly deep and thought-provoking.",positive
"The CGI was laughable.",negative
"A triumph of filmmaking.",positive
"The story dragged on forever.",negative
"Fast-paced and entertaining.",positive
"Bad acting, bad script, bad everything.",negative
"I was pleasantly surprised by how good this was.",positive
"It felt like a cheap TV movie.",negative
"A cinematic experience like no other.",positive
"Don't waste your time.",negative
"Deeply moving and well-written.",positive
"The trailer was better than the movie.",negative
"An instant classic.",positive
"Ridiculous plot twists that made no sense.",negative
"I cried like a baby. So emotional.",positive
"Horrible acting. It felt like a high school play.",negative
"Stunning visuals and great music.",positive
"I want my money back.",negative
"A perfect ending to the trilogy.",positive
"Lazy writing and tired tropes.",negative
"Captivating and unique.",positive
"Just plain boring.",negative
"The fight scenes were choreographed perfectly.",positive
"I've seen better movies on YouTube.",negative
"A beautiful tribute to the original.",positive
"Soulless and commercial.",negative
"Pure entertainment. Popcorn fun.",positive
"Painfully slow.",negative
"Excellent character development.",positive
"A train wreck of a movie.",negative
"The atmosphere was creepy and effective.",positive
"Not worth the ticket price.",negative
"Genuinely scary horror movie.",positive
"I struggled to finish it.",negative
"Wonderful storytelling.",positive
"Trash.",negative
"Highly entertaining and smart.",positive
"Dull and uninspired.",negative
"A joy to watch.",positive
"Garbage.",negative
"Top-notch production quality.",positive
"I hated it.",negative
"Magical and enchanting.",positive
"Terrible.",negative
"Go see it now!",positive
"Skip it.",negative
"Five stars!",positive
"Zero stars.",negative